uniqueid,produktbereich.id,produktbereich.label,produkt.id,produkt.label,year,type,amount,earning,expense
1,11,"Innere Verwaltung",1101,"Politische Gremien","expense",2009,3474740,0,3474740
2,11,"Innere Verwaltung",1101,"Politische Gremien","expense",2010,3540662,0,3540662
3,11,"Innere Verwaltung",1101,"Politische Gremien","expense",2011,3607029,0,3607029
4,11,"Innere Verwaltung",1101,"Politische Gremien","expense",2012,3605952,0,3605952
5,11,"Innere Verwaltung",1101,"Politische Gremien","expense",2013,3573425,0,3573425
6,11,"Innere Verwaltung",1101,"Politische Gremien","expense",2014,3467343,0,3467343
7,11,"Innere Verwaltung",1101,"Politische Gremien","expense",2015,3326627,0,3326627
8,11,"Innere Verwaltung",1102,"Verwaltungsleitung","expense",2009,4223725,0,4223725
9,11,"Innere Verwaltung",1102,"Verwaltungsleitung","expense",2010,3721749,0,3721749
10,11,"Innere Verwaltung",1102,"Verwaltungsleitung","expense",2011,4070595,0,4070595
11,11,"Innere Verwaltung",1102,"Verwaltungsleitung","expense",2012,3980146,0,3980146
12,11,"Innere Verwaltung",1102,"Verwaltungsleitung","expense",2013,4134108,0,4134108
13,11,"Innere Verwaltung",1102,"Verwaltungsleitung","expense",2014,3862464,0,3862464
14,11,"Innere Verwaltung",1102,"Verwaltungsleitung","expense",2015,3763130,0,3763130
15,11,"Innere Verwaltung",1103,"Gleichstellung von Mann und Frau","expense",2009,522675,0,522675
16,11,"Innere Verwaltung",1103,"Gleichstellung von Mann und Frau","expense",2010,484646,0,484646
17,11,"Innere Verwaltung",1103,"Gleichstellung von Mann und Frau","expense",2011,510077,0,510077
18,11,"Innere Verwaltung",1103,"Gleichstellung von Mann und Frau","expense",2012,416720,0,416720
19,11,"Innere Verwaltung",1103,"Gleichstellung von Mann und Frau","expense",2013,461257,0,461257
20,11,"Innere Verwaltung",1103,"Gleichstellung von Mann und Frau","expense",2014,476101,0,476101
21,11,"Innere Verwaltung",1103,"Gleichstellung von Mann und Frau","expense",2015,477608,0,477608
22,11,"Innere Verwaltung",1104,"Rechnungsprüfung","expense",2009,2342401,0,2342401
23,11,"Innere Verwaltung",1104,"Rechnungsprüfung","expense",2010,2179766,0,2179766
24,11,"Innere Verwaltung",1104,"Rechnungsprüfung","expense",2011,2013949,0,2013949
25,11,"Innere Verwaltung",1104,"Rechnungsprüfung","expense",2012,2014112,0,2014112
26,11,"Innere Verwaltung",1104,"Rechnungsprüfung","expense",2013,2165681,0,2165681
27,11,"Innere Verwaltung",1104,"Rechnungsprüfung","expense",2014,2170252,0,2170252
28,11,"Innere Verwaltung",1104,"Rechnungsprüfung","expense",2015,2181039,0,2181039
29,11,"Innere Verwaltung",1105,"Presse- und Öffentlichkeitsarbeit","expense",2009,1468759,0,1468759
30,11,"Innere Verwaltung",1105,"Presse- und Öffentlichkeitsarbeit","expense",2010,1436164,0,1436164
31,11,"Innere Verwaltung",1105,"Presse- und Öffentlichkeitsarbeit","expense",2011,1320392,0,1320392
32,11,"Innere Verwaltung",1105,"Presse- und Öffentlichkeitsarbeit","expense",2012,1307248,0,1307248
33,11,"Innere Verwaltung",1105,"Presse- und Öffentlichkeitsarbeit","expense",2013,1365469,0,1365469
34,11,"Innere Verwaltung",1105,"Presse- und Öffentlichkeitsarbeit","expense",2014,1370027,0,1370027
35,11,"Innere Verwaltung",1105,"Presse- und Öffentlichkeitsarbeit","expense",2015,1311802,0,1311802
36,11,"Innere Verwaltung",1106,"Organisation und Personal","expense",2009,11206097,0,11206097
37,11,"Innere Verwaltung",1106,"Organisation und Personal","expense",2010,8626861,0,8626861
38,11,"Innere Verwaltung",1106,"Organisation und Personal","expense",2011,8997469,0,8997469
39,11,"Innere Verwaltung",1106,"Organisation und Personal","expense",2012,8947254,0,8947254
40,11,"Innere Verwaltung",1106,"Organisation und Personal","expense",2013,9608138,0,9608138
41,11,"Innere Verwaltung",1106,"Organisation und Personal","expense",2014,9388689,0,9388689
42,11,"Innere Verwaltung",1106,"Organisation und Personal","expense",2015,9084596,0,9084596
43,11,"Innere Verwaltung",1107,"Finanzmanagement und Rechnungswesen","expense",2009,18380101,0,18380101
44,11,"Innere Verwaltung",1107,"Finanzmanagement und Rechnungswesen","expense",2010,64345347,0,64345347
45,11,"Innere Verwaltung",1107,"Finanzmanagement und Rechnungswesen","expense",2011,65758344,0,65758344
46,11,"Innere Verwaltung",1107,"Finanzmanagement und Rechnungswesen","expense",2012,15493435,0,15493435
47,11,"Innere Verwaltung",1107,"Finanzmanagement und Rechnungswesen","expense",2013,16041777,0,16041777
48,11,"Innere Verwaltung",1107,"Finanzmanagement und Rechnungswesen","expense",2014,15366889,0,15366889
49,11,"Innere Verwaltung",1107,"Finanzmanagement und Rechnungswesen","expense",2015,14061558,0,14061558
50,11,"Innere Verwaltung",1108,"Technikunterst. Informationsverarbeitung","expense",2009,13871499,0,13871499
51,11,"Innere Verwaltung",1108,"Technikunterst. Informationsverarbeitung","expense",2010,14314452,0,14314452
52,11,"Innere Verwaltung",1108,"Technikunterst. Informationsverarbeitung","expense",2011,14695928,0,14695928
53,11,"Innere Verwaltung",1108,"Technikunterst. Informationsverarbeitung","expense",2012,14162244,0,14162244
54,11,"Innere Verwaltung",1108,"Technikunterst. Informationsverarbeitung","expense",2013,14861868,0,14861868
55,11,"Innere Verwaltung",1108,"Technikunterst. Informationsverarbeitung","expense",2014,14878234,0,14878234
56,11,"Innere Verwaltung",1108,"Technikunterst. Informationsverarbeitung","expense",2015,14916315,0,14916315
57,11,"Innere Verwaltung",1109,"Technischer Betrieb","expense",2009,28822762,0,28822762
58,11,"Innere Verwaltung",1109,"Technischer Betrieb","expense",2010,29765065,0,29765065
59,11,"Innere Verwaltung",1109,"Technischer Betrieb","expense",2011,26878856,0,26878856
60,11,"Innere Verwaltung",1109,"Technischer Betrieb","expense",2012,26201643,0,26201643
61,11,"Innere Verwaltung",1109,"Technischer Betrieb","expense",2013,24804148,0,24804148
62,11,"Innere Verwaltung",1109,"Technischer Betrieb","expense",2014,24654082,0,24654082
63,11,"Innere Verwaltung",1109,"Technischer Betrieb","expense",2015,24654450,0,24654450
64,11,"Innere Verwaltung",1110,"Rechtsangelegenheiten","expense",2009,2900510,0,2900510
65,11,"Innere Verwaltung",1110,"Rechtsangelegenheiten","expense",2010,2815009,0,2815009
66,11,"Innere Verwaltung",1110,"Rechtsangelegenheiten","expense",2011,2845450,0,2845450
67,11,"Innere Verwaltung",1110,"Rechtsangelegenheiten","expense",2012,2952279,0,2952279
68,11,"Innere Verwaltung",1110,"Rechtsangelegenheiten","expense",2013,3296699,0,3296699
69,11,"Innere Verwaltung",1110,"Rechtsangelegenheiten","expense",2014,3011129,0,3011129
70,11,"Innere Verwaltung",1110,"Rechtsangelegenheiten","expense",2015,3012922,0,3012922
71,11,"Innere Verwaltung",1111,"Liegenschaftsmanagement","expense",2009,5912679,0,5912679
72,11,"Innere Verwaltung",1111,"Liegenschaftsmanagement","expense",2010,2455209,0,2455209
73,11,"Innere Verwaltung",1111,"Liegenschaftsmanagement","expense",2011,2913957,0,2913957
74,11,"Innere Verwaltung",1111,"Liegenschaftsmanagement","expense",2012,3025840,0,3025840
75,11,"Innere Verwaltung",1111,"Liegenschaftsmanagement","expense",2013,2866936,0,2866936
76,11,"Innere Verwaltung",1111,"Liegenschaftsmanagement","expense",2014,2845605,0,2845605
77,11,"Innere Verwaltung",1111,"Liegenschaftsmanagement","expense",2015,2212150,0,2212150
78,11,"Innere Verwaltung",1112,"Integrationsbüro","expense",2009,570905,0,570905
79,11,"Innere Verwaltung",1112,"Integrationsbüro","expense",2010,619793,0,619793
80,11,"Innere Verwaltung",1112,"Integrationsbüro","expense",2011,649626,0,649626
81,11,"Innere Verwaltung",1112,"Integrationsbüro","expense",2012,638546,0,638546
82,11,"Innere Verwaltung",1112,"Integrationsbüro","expense",2013,666344,0,666344
83,11,"Innere Verwaltung",1112,"Integrationsbüro","expense",2014,678516,0,678516
84,11,"Innere Verwaltung",1112,"Integrationsbüro","expense",2015,677008,0,677008
85,11,"Innere Verwaltung",1113,"Seniorenvertretung","expense",2009,44004,0,44004
86,11,"Innere Verwaltung",1113,"Seniorenvertretung","expense",2010,66479,0,66479
87,11,"Innere Verwaltung",1113,"Seniorenvertretung","expense",2011,28233,0,28233
88,11,"Innere Verwaltung",1113,"Seniorenvertretung","expense",2012,24530,0,24530
89,11,"Innere Verwaltung",1113,"Seniorenvertretung","expense",2013,26007,0,26007
90,11,"Innere Verwaltung",1113,"Seniorenvertretung","expense",2014,26017,0,26017
91,11,"Innere Verwaltung",1113,"Seniorenvertretung","expense",2015,26160,0,26160
92,11,"Innere Verwaltung",1114,"Strategische Soziale Planung","expense",2009,420115,0,420115
93,11,"Innere Verwaltung",1114,"Strategische Soziale Planung","expense",2010,471565,0,471565
94,11,"Innere Verwaltung",1114,"Strategische Soziale Planung","expense",2011,464473,0,464473
95,11,"Innere Verwaltung",1114,"Strategische Soziale Planung","expense",2012,467470,0,467470
96,11,"Innere Verwaltung",1114,"Strategische Soziale Planung","expense",2013,475706,0,475706
97,11,"Innere Verwaltung",1114,"Strategische Soziale Planung","expense",2014,476830,0,476830
98,11,"Innere Verwaltung",1114,"Strategische Soziale Planung","expense",2015,477899,0,477899
99,11,"Innere Verwaltung",1115,"Strukturmanagement","expense",2009,720341,0,720341
100,11,"Innere Verwaltung",1115,"Strukturmanagement","expense",2010,97996,0,97996
101,11,"Innere Verwaltung",1115,"Strukturmanagement","expense",2011,0,0,0
102,11,"Innere Verwaltung",1115,"Strukturmanagement","expense",2012,0,0,0
103,11,"Innere Verwaltung",1115,"Strukturmanagement","expense",2013,0,0,0
104,11,"Innere Verwaltung",1115,"Strukturmanagement","expense",2014,0,0,0
105,11,"Innere Verwaltung",1115,"Strukturmanagement","expense",2015,0,0,0
106,11,"Innere Verwaltung",1116,"Personalvertretung","expense",2009,1096967,0,1096967
107,11,"Innere Verwaltung",1116,"Personalvertretung","expense",2010,1024288,0,1024288
108,11,"Innere Verwaltung",1116,"Personalvertretung","expense",2011,1127923,0,1127923
109,11,"Innere Verwaltung",1116,"Personalvertretung","expense",2012,1122126,0,1122126
110,11,"Innere Verwaltung",1116,"Personalvertretung","expense",2013,1175590,0,1175590
111,11,"Innere Verwaltung",1116,"Personalvertretung","expense",2014,1182835,0,1182835
112,11,"Innere Verwaltung",1116,"Personalvertretung","expense",2015,1190683,0,1190683
113,11,"Innere Verwaltung",1117,"Vertretung der Schwerbehinderten","expense",2009,167001,0,167001
114,11,"Innere Verwaltung",1117,"Vertretung der Schwerbehinderten","expense",2010,205918,0,205918
115,11,"Innere Verwaltung",1117,"Vertretung der Schwerbehinderten","expense",2011,204262,0,204262
116,11,"Innere Verwaltung",1117,"Vertretung der Schwerbehinderten","expense",2012,227244,0,227244
117,11,"Innere Verwaltung",1117,"Vertretung der Schwerbehinderten","expense",2013,229747,0,229747
118,11,"Innere Verwaltung",1117,"Vertretung der Schwerbehinderten","expense",2014,231544,0,231544
119,11,"Innere Verwaltung",1117,"Vertretung der Schwerbehinderten","expense",2015,232902,0,232902
120,11,"Innere Verwaltung",1118,"Planungs- u. Baumanagement","expense",2009,324721,0,324721
121,11,"Innere Verwaltung",1118,"Planungs- u. Baumanagement","expense",2010,277022,0,277022
122,11,"Innere Verwaltung",1118,"Planungs- u. Baumanagement","expense",2011,241644,0,241644
123,11,"Innere Verwaltung",1118,"Planungs- u. Baumanagement","expense",2012,3066908,0,3066908
124,11,"Innere Verwaltung",1118,"Planungs- u. Baumanagement","expense",2013,4069528,0,4069528
125,11,"Innere Verwaltung",1118,"Planungs- u. Baumanagement","expense",2014,2904258,0,2904258
126,11,"Innere Verwaltung",1118,"Planungs- u. Baumanagement","expense",2015,539988,0,539988
127,11,"Innere Verwaltung",1119,"Arbeitsschutz,-medizin,Gesundh.i.Betrieb","expense",2009,367338,0,367338
128,11,"Innere Verwaltung",1119,"Arbeitsschutz,-medizin,Gesundh.i.Betrieb","expense",2010,379352,0,379352
129,11,"Innere Verwaltung",1119,"Arbeitsschutz,-medizin,Gesundh.i.Betrieb","expense",2011,887212,0,887212
130,11,"Innere Verwaltung",1119,"Arbeitsschutz,-medizin,Gesundh.i.Betrieb","expense",2012,889650,0,889650
131,11,"Innere Verwaltung",1119,"Arbeitsschutz,-medizin,Gesundh.i.Betrieb","expense",2013,928686,0,928686
132,11,"Innere Verwaltung",1119,"Arbeitsschutz,-medizin,Gesundh.i.Betrieb","expense",2014,938784,0,938784
133,11,"Innere Verwaltung",1119,"Arbeitsschutz,-medizin,Gesundh.i.Betrieb","expense",2015,949693,0,949693
134,11,"Innere Verwaltung",1120,"Information, Beratung, Service Amt 33","expense",2009,220089,0,220089
135,11,"Innere Verwaltung",1120,"Information, Beratung, Service Amt 33","expense",2010,539856,0,539856
136,11,"Innere Verwaltung",1120,"Information, Beratung, Service Amt 33","expense",2011,602382,0,602382
137,11,"Innere Verwaltung",1120,"Information, Beratung, Service Amt 33","expense",2012,425915,0,425915
138,11,"Innere Verwaltung",1120,"Information, Beratung, Service Amt 33","expense",2013,436190,0,436190
139,11,"Innere Verwaltung",1120,"Information, Beratung, Service Amt 33","expense",2014,437671,0,437671
140,11,"Innere Verwaltung",1120,"Information, Beratung, Service Amt 33","expense",2015,439292,0,439292
141,11,"Innere Verwaltung",1121,"Bezirksverwaltung Mitte","expense",2009,151806,0,151806
142,11,"Innere Verwaltung",1121,"Bezirksverwaltung Mitte","expense",2010,398887,0,398887
143,11,"Innere Verwaltung",1121,"Bezirksverwaltung Mitte","expense",2011,300636,0,300636
144,11,"Innere Verwaltung",1121,"Bezirksverwaltung Mitte","expense",2012,1065799,0,1065799
145,11,"Innere Verwaltung",1121,"Bezirksverwaltung Mitte","expense",2013,1229847,0,1229847
146,11,"Innere Verwaltung",1121,"Bezirksverwaltung Mitte","expense",2014,1229926,0,1229926
147,11,"Innere Verwaltung",1121,"Bezirksverwaltung Mitte","expense",2015,1231050,0,1231050
148,11,"Innere Verwaltung",1122,"Bezirksverwaltung Wattenscheid","expense",2009,1305412,0,1305412
149,11,"Innere Verwaltung",1122,"Bezirksverwaltung Wattenscheid","expense",2010,633712,0,633712
150,11,"Innere Verwaltung",1122,"Bezirksverwaltung Wattenscheid","expense",2011,677001,0,677001
151,11,"Innere Verwaltung",1122,"Bezirksverwaltung Wattenscheid","expense",2012,1392808,0,1392808
152,11,"Innere Verwaltung",1122,"Bezirksverwaltung Wattenscheid","expense",2013,1423243,0,1423243
153,11,"Innere Verwaltung",1122,"Bezirksverwaltung Wattenscheid","expense",2014,1426242,0,1426242
154,11,"Innere Verwaltung",1122,"Bezirksverwaltung Wattenscheid","expense",2015,1433130,0,1433130
155,11,"Innere Verwaltung",1123,"Bezirksverwaltung Nord","expense",2009,419803,0,419803
156,11,"Innere Verwaltung",1123,"Bezirksverwaltung Nord","expense",2010,228762,0,228762
157,11,"Innere Verwaltung",1123,"Bezirksverwaltung Nord","expense",2011,223140,0,223140
158,11,"Innere Verwaltung",1123,"Bezirksverwaltung Nord","expense",2012,758976,0,758976
159,11,"Innere Verwaltung",1123,"Bezirksverwaltung Nord","expense",2013,770249,0,770249
160,11,"Innere Verwaltung",1123,"Bezirksverwaltung Nord","expense",2014,769995,0,769995
161,11,"Innere Verwaltung",1123,"Bezirksverwaltung Nord","expense",2015,770197,0,770197
162,11,"Innere Verwaltung",1124,"Bezirksverwaltung Ost","expense",2009,685179,0,685179
163,11,"Innere Verwaltung",1124,"Bezirksverwaltung Ost","expense",2010,491390,0,491390
164,11,"Innere Verwaltung",1124,"Bezirksverwaltung Ost","expense",2011,396595,0,396595
165,11,"Innere Verwaltung",1124,"Bezirksverwaltung Ost","expense",2012,1041096,0,1041096
166,11,"Innere Verwaltung",1124,"Bezirksverwaltung Ost","expense",2013,1065755,0,1065755
167,11,"Innere Verwaltung",1124,"Bezirksverwaltung Ost","expense",2014,1064883,0,1064883
168,11,"Innere Verwaltung",1124,"Bezirksverwaltung Ost","expense",2015,1064510,0,1064510
169,11,"Innere Verwaltung",1125,"Bezirksverwaltung Süd","expense",2009,481817,0,481817
170,11,"Innere Verwaltung",1125,"Bezirksverwaltung Süd","expense",2010,309878,0,309878
171,11,"Innere Verwaltung",1125,"Bezirksverwaltung Süd","expense",2011,306705,0,306705
172,11,"Innere Verwaltung",1125,"Bezirksverwaltung Süd","expense",2012,786769,0,786769
173,11,"Innere Verwaltung",1125,"Bezirksverwaltung Süd","expense",2013,837958,0,837958
174,11,"Innere Verwaltung",1125,"Bezirksverwaltung Süd","expense",2014,838335,0,838335
175,11,"Innere Verwaltung",1125,"Bezirksverwaltung Süd","expense",2015,838322,0,838322
176,11,"Innere Verwaltung",1126,"Bezirksverwaltung Südwest","expense",2009,341858,0,341858
177,11,"Innere Verwaltung",1126,"Bezirksverwaltung Südwest","expense",2010,334676,0,334676
178,11,"Innere Verwaltung",1126,"Bezirksverwaltung Südwest","expense",2011,320167,0,320167
179,11,"Innere Verwaltung",1126,"Bezirksverwaltung Südwest","expense",2012,798568,0,798568
180,11,"Innere Verwaltung",1126,"Bezirksverwaltung Südwest","expense",2013,805173,0,805173
181,11,"Innere Verwaltung",1126,"Bezirksverwaltung Südwest","expense",2014,805121,0,805121
182,11,"Innere Verwaltung",1126,"Bezirksverwaltung Südwest","expense",2015,795081,0,795081
183,11,"Innere Verwaltung",1127,"Allgemeine Personalwirtschaft","earning",2009,-19832,19832,0
184,11,"Innere Verwaltung",1127,"Allgemeine Personalwirtschaft","earning",2010,-1420338,1420338,0
185,11,"Innere Verwaltung",1127,"Allgemeine Personalwirtschaft","earning",2011,-1393670,1393670,0
186,11,"Innere Verwaltung",1127,"Allgemeine Personalwirtschaft","earning",2012,-374658,374658,0
187,11,"Innere Verwaltung",1127,"Allgemeine Personalwirtschaft","earning",2013,-195452,195452,0
188,11,"Innere Verwaltung",1127,"Allgemeine Personalwirtschaft","earning",2014,-247459,247459,0
189,11,"Innere Verwaltung",1127,"Allgemeine Personalwirtschaft","earning",2015,-228721,228721,0
190,11,"Innere Verwaltung",1128,"Stabstelle für Kultur, Bildung und Wisse","expense",2009,258749,0,258749
191,11,"Innere Verwaltung",1128,"Stabstelle für Kultur, Bildung und Wisse","expense",2010,237994,0,237994
192,11,"Innere Verwaltung",1128,"Stabstelle für Kultur, Bildung und Wisse","expense",2011,230086,0,230086
193,11,"Innere Verwaltung",1128,"Stabstelle für Kultur, Bildung und Wisse","expense",2012,238479,0,238479
194,11,"Innere Verwaltung",1128,"Stabstelle für Kultur, Bildung und Wisse","expense",2013,248256,0,248256
195,11,"Innere Verwaltung",1128,"Stabstelle für Kultur, Bildung und Wisse","expense",2014,249990,0,249990
196,11,"Innere Verwaltung",1128,"Stabstelle für Kultur, Bildung und Wisse","expense",2015,251440,0,251440
197,12,"Sicherheit und Ordnung",1201,"Einwohnerangelegenheiten","expense",2009,6209970,0,6209970
198,12,"Sicherheit und Ordnung",1201,"Einwohnerangelegenheiten","expense",2010,6172363,0,6172363
199,12,"Sicherheit und Ordnung",1201,"Einwohnerangelegenheiten","expense",2011,6712054,0,6712054
200,12,"Sicherheit und Ordnung",1201,"Einwohnerangelegenheiten","expense",2012,6633833,0,6633833
201,12,"Sicherheit und Ordnung",1201,"Einwohnerangelegenheiten","expense",2013,6999524,0,6999524
202,12,"Sicherheit und Ordnung",1201,"Einwohnerangelegenheiten","expense",2014,7051416,0,7051416
203,12,"Sicherheit und Ordnung",1201,"Einwohnerangelegenheiten","expense",2015,7096671,0,7096671
204,12,"Sicherheit und Ordnung",1202,"Wahlen und Abstimmungen","expense",2009,1854612,0,1854612
205,12,"Sicherheit und Ordnung",1202,"Wahlen und Abstimmungen","expense",2010,836607,0,836607
206,12,"Sicherheit und Ordnung",1202,"Wahlen und Abstimmungen","expense",2011,782587,0,782587
207,12,"Sicherheit und Ordnung",1202,"Wahlen und Abstimmungen","expense",2012,472570,0,472570
208,12,"Sicherheit und Ordnung",1202,"Wahlen und Abstimmungen","expense",2013,600925,0,600925
209,12,"Sicherheit und Ordnung",1202,"Wahlen und Abstimmungen","expense",2014,752166,0,752166
210,12,"Sicherheit und Ordnung",1202,"Wahlen und Abstimmungen","expense",2015,1189523,0,1189523
211,12,"Sicherheit und Ordnung",1203,"Statistische Angelegenheiten","expense",2009,424096,0,424096
212,12,"Sicherheit und Ordnung",1203,"Statistische Angelegenheiten","expense",2010,425034,0,425034
213,12,"Sicherheit und Ordnung",1203,"Statistische Angelegenheiten","expense",2011,415140,0,415140
214,12,"Sicherheit und Ordnung",1203,"Statistische Angelegenheiten","expense",2012,569594,0,569594
215,12,"Sicherheit und Ordnung",1203,"Statistische Angelegenheiten","expense",2013,414209,0,414209
216,12,"Sicherheit und Ordnung",1203,"Statistische Angelegenheiten","expense",2014,409399,0,409399
217,12,"Sicherheit und Ordnung",1203,"Statistische Angelegenheiten","expense",2015,395534,0,395534
218,12,"Sicherheit und Ordnung",1204,"Sonn-/Feiertagsschutz, Bühnenpyrotechnik","expense",2009,32286,0,32286
219,12,"Sicherheit und Ordnung",1204,"Sonn-/Feiertagsschutz, Bühnenpyrotechnik","expense",2010,34117,0,34117
220,12,"Sicherheit und Ordnung",1204,"Sonn-/Feiertagsschutz, Bühnenpyrotechnik","expense",2011,34475,0,34475
221,12,"Sicherheit und Ordnung",1204,"Sonn-/Feiertagsschutz, Bühnenpyrotechnik","expense",2012,34516,0,34516
222,12,"Sicherheit und Ordnung",1204,"Sonn-/Feiertagsschutz, Bühnenpyrotechnik","expense",2013,38681,0,38681
223,12,"Sicherheit und Ordnung",1204,"Sonn-/Feiertagsschutz, Bühnenpyrotechnik","expense",2014,37212,0,37212
224,12,"Sicherheit und Ordnung",1204,"Sonn-/Feiertagsschutz, Bühnenpyrotechnik","expense",2015,37416,0,37416
225,12,"Sicherheit und Ordnung",1205,"Prävention","expense",2009,2095585,0,2095585
226,12,"Sicherheit und Ordnung",1205,"Prävention","expense",2010,1861213,0,1861213
227,12,"Sicherheit und Ordnung",1205,"Prävention","expense",2011,2002488,0,2002488
228,12,"Sicherheit und Ordnung",1205,"Prävention","expense",2012,1632856,0,1632856
229,12,"Sicherheit und Ordnung",1205,"Prävention","expense",2013,1760014,0,1760014
230,12,"Sicherheit und Ordnung",1205,"Prävention","expense",2014,1721715,0,1721715
231,12,"Sicherheit und Ordnung",1205,"Prävention","expense",2015,1727678,0,1727678
232,12,"Sicherheit und Ordnung",1206,"Intervention","expense",2009,24163819,0,24163819
233,12,"Sicherheit und Ordnung",1206,"Intervention","expense",2010,21302587,0,21302587
234,12,"Sicherheit und Ordnung",1206,"Intervention","expense",2011,23383680,0,23383680
235,12,"Sicherheit und Ordnung",1206,"Intervention","expense",2012,21674971,0,21674971
236,12,"Sicherheit und Ordnung",1206,"Intervention","expense",2013,23363583,0,23363583
237,12,"Sicherheit und Ordnung",1206,"Intervention","expense",2014,24224847,0,24224847
238,12,"Sicherheit und Ordnung",1206,"Intervention","expense",2015,24374792,0,24374792
239,12,"Sicherheit und Ordnung",1207,"Rettungsdienst","expense",2009,1570963,0,1570963
240,12,"Sicherheit und Ordnung",1207,"Rettungsdienst","expense",2010,936514,0,936514
241,12,"Sicherheit und Ordnung",1207,"Rettungsdienst","expense",2011,1203217,0,1203217
242,12,"Sicherheit und Ordnung",1207,"Rettungsdienst","expense",2012,849914,0,849914
243,12,"Sicherheit und Ordnung",1207,"Rettungsdienst","expense",2013,1606482,0,1606482
244,12,"Sicherheit und Ordnung",1207,"Rettungsdienst","expense",2014,1680229,0,1680229
245,12,"Sicherheit und Ordnung",1207,"Rettungsdienst","expense",2015,1900880,0,1900880
246,12,"Sicherheit und Ordnung",1208,"Leistg. d. Chemischen Untersuchungsamtes","expense",2009,1677316,0,1677316
247,12,"Sicherheit und Ordnung",1208,"Leistg. d. Chemischen Untersuchungsamtes","expense",2010,2088452,0,2088452
248,12,"Sicherheit und Ordnung",1208,"Leistg. d. Chemischen Untersuchungsamtes","expense",2011,2125776,0,2125776
249,12,"Sicherheit und Ordnung",1208,"Leistg. d. Chemischen Untersuchungsamtes","expense",2012,2145193,0,2145193
250,12,"Sicherheit und Ordnung",1208,"Leistg. d. Chemischen Untersuchungsamtes","expense",2013,2187603,0,2187603
251,12,"Sicherheit und Ordnung",1208,"Leistg. d. Chemischen Untersuchungsamtes","expense",2014,2089828,0,2089828
252,12,"Sicherheit und Ordnung",1208,"Leistg. d. Chemischen Untersuchungsamtes","expense",2015,2146701,0,2146701
253,12,"Sicherheit und Ordnung",1209,"Owis und Ehrenamtliche Rechtspflege","earning",2009,-1494481,1494481,0
254,12,"Sicherheit und Ordnung",1209,"Owis und Ehrenamtliche Rechtspflege","earning",2010,-2776337,2776337,0
255,12,"Sicherheit und Ordnung",1209,"Owis und Ehrenamtliche Rechtspflege","earning",2011,-2750361,2750361,0
256,12,"Sicherheit und Ordnung",1209,"Owis und Ehrenamtliche Rechtspflege","earning",2012,-2813416,2813416,0
257,12,"Sicherheit und Ordnung",1209,"Owis und Ehrenamtliche Rechtspflege","earning",2013,-3169879,3169879,0
258,12,"Sicherheit und Ordnung",1209,"Owis und Ehrenamtliche Rechtspflege","earning",2014,-3765096,3765096,0
259,12,"Sicherheit und Ordnung",1209,"Owis und Ehrenamtliche Rechtspflege","earning",2015,-3759327,3759327,0
260,12,"Sicherheit und Ordnung",1210,"Ordnungsangelegenheiten","expense",2009,3729677,0,3729677
261,12,"Sicherheit und Ordnung",1210,"Ordnungsangelegenheiten","expense",2010,3507763,0,3507763
262,12,"Sicherheit und Ordnung",1210,"Ordnungsangelegenheiten","expense",2011,2948393,0,2948393
263,12,"Sicherheit und Ordnung",1210,"Ordnungsangelegenheiten","expense",2012,2963938,0,2963938
264,12,"Sicherheit und Ordnung",1210,"Ordnungsangelegenheiten","expense",2013,3018161,0,3018161
265,12,"Sicherheit und Ordnung",1210,"Ordnungsangelegenheiten","expense",2014,3009985,0,3009985
266,12,"Sicherheit und Ordnung",1210,"Ordnungsangelegenheiten","expense",2015,3016587,0,3016587
267,12,"Sicherheit und Ordnung",1211,"Veterinärwesen","expense",2009,533038,0,533038
268,12,"Sicherheit und Ordnung",1211,"Veterinärwesen","expense",2010,470097,0,470097
269,12,"Sicherheit und Ordnung",1211,"Veterinärwesen","expense",2011,424104,0,424104
270,12,"Sicherheit und Ordnung",1211,"Veterinärwesen","expense",2012,554531,0,554531
271,12,"Sicherheit und Ordnung",1211,"Veterinärwesen","expense",2013,598995,0,598995
272,12,"Sicherheit und Ordnung",1211,"Veterinärwesen","expense",2014,600578,0,600578
273,12,"Sicherheit und Ordnung",1211,"Veterinärwesen","expense",2015,604276,0,604276
274,12,"Sicherheit und Ordnung",1212,"Schlachttier- und Fleischuntersuchung","earning",2009,-11930,11930,0
275,12,"Sicherheit und Ordnung",1212,"Schlachttier- und Fleischuntersuchung","expense",2010,87829,0,87829
276,12,"Sicherheit und Ordnung",1212,"Schlachttier- und Fleischuntersuchung","expense",2011,154183,0,154183
277,12,"Sicherheit und Ordnung",1212,"Schlachttier- und Fleischuntersuchung","earning",2012,-2313,2313,0
278,12,"Sicherheit und Ordnung",1212,"Schlachttier- und Fleischuntersuchung","expense",2013,11969,0,11969
279,12,"Sicherheit und Ordnung",1212,"Schlachttier- und Fleischuntersuchung","expense",2014,21551,0,21551
280,12,"Sicherheit und Ordnung",1212,"Schlachttier- und Fleischuntersuchung","expense",2015,28622,0,28622
281,12,"Sicherheit und Ordnung",1213,"Straßenverkehrsangelegenheiten","earning",2009,-80000,80000,0
282,12,"Sicherheit und Ordnung",1213,"Straßenverkehrsangelegenheiten","expense",2010,789239,0,789239
283,12,"Sicherheit und Ordnung",1213,"Straßenverkehrsangelegenheiten","expense",2011,1458852,0,1458852
284,12,"Sicherheit und Ordnung",1213,"Straßenverkehrsangelegenheiten","expense",2012,1148076,0,1148076
285,12,"Sicherheit und Ordnung",1213,"Straßenverkehrsangelegenheiten","expense",2013,1594665,0,1594665
286,12,"Sicherheit und Ordnung",1213,"Straßenverkehrsangelegenheiten","expense",2014,1696376,0,1696376
287,12,"Sicherheit und Ordnung",1213,"Straßenverkehrsangelegenheiten","expense",2015,1764829,0,1764829
288,21,"Schulträgeraufgaben",2101,"Bereitstellung schulischer Einrichtungen","expense",2009,72974179,0,72974179
289,21,"Schulträgeraufgaben",2101,"Bereitstellung schulischer Einrichtungen","expense",2010,52640032,0,52640032
290,21,"Schulträgeraufgaben",2101,"Bereitstellung schulischer Einrichtungen","expense",2011,55803262,0,55803262
291,21,"Schulträgeraufgaben",2101,"Bereitstellung schulischer Einrichtungen","expense",2012,64626802,0,64626802
292,21,"Schulträgeraufgaben",2101,"Bereitstellung schulischer Einrichtungen","expense",2013,61771148,0,61771148
293,21,"Schulträgeraufgaben",2101,"Bereitstellung schulischer Einrichtungen","expense",2014,63036042,0,63036042
294,21,"Schulträgeraufgaben",2101,"Bereitstellung schulischer Einrichtungen","expense",2015,62907462,0,62907462
295,21,"Schulträgeraufgaben",2102,"Zentrale schulbezogene Leistungen","earning",2009,-277814,277814,0
296,21,"Schulträgeraufgaben",2102,"Zentrale schulbezogene Leistungen","expense",2010,6955588,0,6955588
297,21,"Schulträgeraufgaben",2102,"Zentrale schulbezogene Leistungen","expense",2011,7133287,0,7133287
298,21,"Schulträgeraufgaben",2102,"Zentrale schulbezogene Leistungen","expense",2012,7685973,0,7685973
299,21,"Schulträgeraufgaben",2102,"Zentrale schulbezogene Leistungen","expense",2013,7866903,0,7866903
300,21,"Schulträgeraufgaben",2102,"Zentrale schulbezogene Leistungen","expense",2014,7847137,0,7847137
301,21,"Schulträgeraufgaben",2102,"Zentrale schulbezogene Leistungen","expense",2015,7852373,0,7852373
302,25,"Kultur",2501,"Volkshochschule","expense",2009,2667839,0,2667839
303,25,"Kultur",2501,"Volkshochschule","expense",2010,2187581,0,2187581
304,25,"Kultur",2501,"Volkshochschule","expense",2011,1698869,0,1698869
305,25,"Kultur",2501,"Volkshochschule","expense",2012,1780979,0,1780979
306,25,"Kultur",2501,"Volkshochschule","expense",2013,1825751,0,1825751
307,25,"Kultur",2501,"Volkshochschule","expense",2014,1834896,0,1834896
308,25,"Kultur",2501,"Volkshochschule","expense",2015,1670487,0,1670487
309,25,"Kultur",2502,"Stadtbücherei","expense",2009,5845027,0,5845027
310,25,"Kultur",2502,"Stadtbücherei","expense",2010,5901588,0,5901588
311,25,"Kultur",2502,"Stadtbücherei","expense",2011,5705859,0,5705859
312,25,"Kultur",2502,"Stadtbücherei","expense",2012,5701531,0,5701531
313,25,"Kultur",2502,"Stadtbücherei","expense",2013,5720400,0,5720400
314,25,"Kultur",2502,"Stadtbücherei","expense",2014,5700393,0,5700393
315,25,"Kultur",2502,"Stadtbücherei","expense",2015,5227582,0,5227582
316,25,"Kultur",2503,"Förderung der Kultur u. Wissenschaft","expense",2009,23571486,0,23571486
317,25,"Kultur",2503,"Förderung der Kultur u. Wissenschaft","expense",2010,3969222,0,3969222
318,25,"Kultur",2503,"Förderung der Kultur u. Wissenschaft","expense",2011,3583561,0,3583561
319,25,"Kultur",2503,"Förderung der Kultur u. Wissenschaft","expense",2012,3528033,0,3528033
320,25,"Kultur",2503,"Förderung der Kultur u. Wissenschaft","expense",2013,3422297,0,3422297
321,25,"Kultur",2503,"Förderung der Kultur u. Wissenschaft","expense",2014,3546398,0,3546398
322,25,"Kultur",2503,"Förderung der Kultur u. Wissenschaft","expense",2015,3409487,0,3409487
323,25,"Kultur",2504,"Planetarium Bochum","expense",2009,488495,0,488495
324,25,"Kultur",2504,"Planetarium Bochum","expense",2010,925466,0,925466
325,25,"Kultur",2504,"Planetarium Bochum","expense",2011,485963,0,485963
326,25,"Kultur",2504,"Planetarium Bochum","expense",2012,418666,0,418666
327,25,"Kultur",2504,"Planetarium Bochum","expense",2013,315508,0,315508
328,25,"Kultur",2504,"Planetarium Bochum","expense",2014,210428,0,210428
329,25,"Kultur",2504,"Planetarium Bochum","expense",2015,103829,0,103829
330,25,"Kultur",2505,"Stadtarchiv Bochum","expense",2009,2988014,0,2988014
331,25,"Kultur",2505,"Stadtarchiv Bochum","expense",2010,3316165,0,3316165
332,25,"Kultur",2505,"Stadtarchiv Bochum","expense",2011,3140530,0,3140530
333,25,"Kultur",2505,"Stadtarchiv Bochum","expense",2012,3127212,0,3127212
334,25,"Kultur",2505,"Stadtarchiv Bochum","expense",2013,3189058,0,3189058
335,25,"Kultur",2505,"Stadtarchiv Bochum","expense",2014,3199257,0,3199257
336,25,"Kultur",2505,"Stadtarchiv Bochum","expense",2015,3209442,0,3209442
337,25,"Kultur",2506,"Bochumer Symphoniker","expense",2009,7387819,0,7387819
338,25,"Kultur",2506,"Bochumer Symphoniker","expense",2010,7335651,0,7335651
339,25,"Kultur",2506,"Bochumer Symphoniker","expense",2011,7370251,0,7370251
340,25,"Kultur",2506,"Bochumer Symphoniker","expense",2012,7384328,0,7384328
341,25,"Kultur",2506,"Bochumer Symphoniker","expense",2013,7387250,0,7387250
342,25,"Kultur",2506,"Bochumer Symphoniker","expense",2014,7389452,0,7389452
343,25,"Kultur",2506,"Bochumer Symphoniker","expense",2015,7392208,0,7392208
344,25,"Kultur",2507,"Museum Bochum","expense",2009,2821573,0,2821573
345,25,"Kultur",2507,"Museum Bochum","expense",2010,2191801,0,2191801
346,25,"Kultur",2507,"Museum Bochum","expense",2011,1936404,0,1936404
347,25,"Kultur",2507,"Museum Bochum","expense",2012,2327975,0,2327975
348,25,"Kultur",2507,"Museum Bochum","expense",2013,2341077,0,2341077
349,25,"Kultur",2507,"Museum Bochum","expense",2014,2344356,0,2344356
350,25,"Kultur",2507,"Museum Bochum","expense",2015,2345846,0,2345846
351,25,"Kultur",2508,"Musikschule Bochum","expense",2009,4364674,0,4364674
352,25,"Kultur",2508,"Musikschule Bochum","expense",2010,4526711,0,4526711
353,25,"Kultur",2508,"Musikschule Bochum","expense",2011,4366473,0,4366473
354,25,"Kultur",2508,"Musikschule Bochum","expense",2012,4110567,0,4110567
355,25,"Kultur",2508,"Musikschule Bochum","expense",2013,4054900,0,4054900
356,25,"Kultur",2508,"Musikschule Bochum","expense",2014,4032189,0,4032189
357,25,"Kultur",2508,"Musikschule Bochum","expense",2015,4022390,0,4022390
358,25,"Kultur",2509,"Stabstelle Bochum Ruhr.2010","expense",2009,631438,0,631438
359,25,"Kultur",2509,"Stabstelle Bochum Ruhr.2010","expense",2010,1581321,0,1581321
360,25,"Kultur",2509,"Stabstelle Bochum Ruhr.2010","expense",2011,697664,0,697664
361,25,"Kultur",2509,"Stabstelle Bochum Ruhr.2010","expense",2012,1015650,0,1015650
362,25,"Kultur",2509,"Stabstelle Bochum Ruhr.2010","expense",2013,1453037,0,1453037
363,25,"Kultur",2509,"Stabstelle Bochum Ruhr.2010","expense",2014,1515168,0,1515168
364,25,"Kultur",2509,"Stabstelle Bochum Ruhr.2010","expense",2015,1516961,0,1516961
365,25,"Kultur",2510,"Beteiligung AöR Schauspielhaus Bochum","expense",2009,0,0,0
366,25,"Kultur",2510,"Beteiligung AöR Schauspielhaus Bochum","expense",2010,16854628,0,16854628
367,25,"Kultur",2510,"Beteiligung AöR Schauspielhaus Bochum","expense",2011,17173164,0,17173164
368,25,"Kultur",2510,"Beteiligung AöR Schauspielhaus Bochum","expense",2012,17634822,0,17634822
369,25,"Kultur",2510,"Beteiligung AöR Schauspielhaus Bochum","expense",2013,17635125,0,17635125
370,25,"Kultur",2510,"Beteiligung AöR Schauspielhaus Bochum","expense",2014,17633793,0,17633793
371,25,"Kultur",2510,"Beteiligung AöR Schauspielhaus Bochum","expense",2015,17632455,0,17632455
372,31,"Soziale Hilfen",3101,"Leistungen SGB IX; XII; PFG","expense",2009,63392188,0,63392188
373,31,"Soziale Hilfen",3101,"Leistungen SGB IX; XII; PFG","expense",2010,64940128,0,64940128
374,31,"Soziale Hilfen",3101,"Leistungen SGB IX; XII; PFG","expense",2011,66105203,0,66105203
375,31,"Soziale Hilfen",3101,"Leistungen SGB IX; XII; PFG","expense",2012,65107438,0,65107438
376,31,"Soziale Hilfen",3101,"Leistungen SGB IX; XII; PFG","expense",2013,61055391,0,61055391
377,31,"Soziale Hilfen",3101,"Leistungen SGB IX; XII; PFG","expense",2014,57915655,0,57915655
378,31,"Soziale Hilfen",3101,"Leistungen SGB IX; XII; PFG","expense",2015,57418867,0,57418867
379,31,"Soziale Hilfen",3102,"Aufgaben nach SGB II","expense",2009,69094365,0,69094365
380,31,"Soziale Hilfen",3102,"Aufgaben nach SGB II","expense",2010,74559568,0,74559568
381,31,"Soziale Hilfen",3102,"Aufgaben nach SGB II","expense",2011,78289626,0,78289626
382,31,"Soziale Hilfen",3102,"Aufgaben nach SGB II","expense",2012,72050571,0,72050571
383,31,"Soziale Hilfen",3102,"Aufgaben nach SGB II","expense",2013,73054802,0,73054802
384,31,"Soziale Hilfen",3102,"Aufgaben nach SGB II","expense",2014,81429742,0,81429742
385,31,"Soziale Hilfen",3102,"Aufgaben nach SGB II","expense",2015,82264831,0,82264831
386,31,"Soziale Hilfen",3103,"Leistung  nach AsylbLG","expense",2009,4444850,0,4444850
387,31,"Soziale Hilfen",3103,"Leistung  nach AsylbLG","expense",2010,4332429,0,4332429
388,31,"Soziale Hilfen",3103,"Leistung  nach AsylbLG","expense",2011,4134317,0,4134317
389,31,"Soziale Hilfen",3103,"Leistung  nach AsylbLG","expense",2012,4985318,0,4985318
390,31,"Soziale Hilfen",3103,"Leistung  nach AsylbLG","expense",2013,5108067,0,5108067
391,31,"Soziale Hilfen",3103,"Leistung  nach AsylbLG","expense",2014,5157887,0,5157887
392,31,"Soziale Hilfen",3103,"Leistung  nach AsylbLG","expense",2015,5248998,0,5248998
393,31,"Soziale Hilfen",3104,"Sonstige soziale Leistungen","expense",2009,4208549,0,4208549
394,31,"Soziale Hilfen",3104,"Sonstige soziale Leistungen","expense",2010,2976866,0,2976866
395,31,"Soziale Hilfen",3104,"Sonstige soziale Leistungen","expense",2011,3541062,0,3541062
396,31,"Soziale Hilfen",3104,"Sonstige soziale Leistungen","expense",2012,5268904,0,5268904
397,31,"Soziale Hilfen",3104,"Sonstige soziale Leistungen","expense",2013,5431913,0,5431913
398,31,"Soziale Hilfen",3104,"Sonstige soziale Leistungen","expense",2014,5632620,0,5632620
399,31,"Soziale Hilfen",3104,"Sonstige soziale Leistungen","expense",2015,5645056,0,5645056
400,31,"Soziale Hilfen",3105,"Soziale Einrichtungen","expense",2009,1968461,0,1968461
401,31,"Soziale Hilfen",3105,"Soziale Einrichtungen","expense",2010,2406914,0,2406914
402,31,"Soziale Hilfen",3105,"Soziale Einrichtungen","expense",2011,2027894,0,2027894
403,31,"Soziale Hilfen",3105,"Soziale Einrichtungen","expense",2012,1768640,0,1768640
404,31,"Soziale Hilfen",3105,"Soziale Einrichtungen","expense",2013,1691381,0,1691381
405,31,"Soziale Hilfen",3105,"Soziale Einrichtungen","expense",2014,1643810,0,1643810
406,31,"Soziale Hilfen",3105,"Soziale Einrichtungen","expense",2015,1646814,0,1646814
407,31,"Soziale Hilfen",3106,"Förderung der Wohlfahrtspflege","expense",2009,1684341,0,1684341
408,31,"Soziale Hilfen",3106,"Förderung der Wohlfahrtspflege","expense",2010,2072821,0,2072821
409,31,"Soziale Hilfen",3106,"Förderung der Wohlfahrtspflege","expense",2011,1982228,0,1982228
410,31,"Soziale Hilfen",3106,"Förderung der Wohlfahrtspflege","expense",2012,1958737,0,1958737
411,31,"Soziale Hilfen",3106,"Förderung der Wohlfahrtspflege","expense",2013,1825132,0,1825132
412,31,"Soziale Hilfen",3106,"Förderung der Wohlfahrtspflege","expense",2014,1825050,0,1825050
413,31,"Soziale Hilfen",3106,"Förderung der Wohlfahrtspflege","expense",2015,1825323,0,1825323
414,31,"Soziale Hilfen",3107,"Betreuungen / Unterhaltsleistungen","expense",2009,1066983,0,1066983
415,31,"Soziale Hilfen",3107,"Betreuungen / Unterhaltsleistungen","expense",2010,3905568,0,3905568
416,31,"Soziale Hilfen",3107,"Betreuungen / Unterhaltsleistungen","expense",2011,4497805,0,4497805
417,31,"Soziale Hilfen",3107,"Betreuungen / Unterhaltsleistungen","expense",2012,4393943,0,4393943
418,31,"Soziale Hilfen",3107,"Betreuungen / Unterhaltsleistungen","expense",2013,4540709,0,4540709
419,31,"Soziale Hilfen",3107,"Betreuungen / Unterhaltsleistungen","expense",2014,4544542,0,4544542
420,31,"Soziale Hilfen",3107,"Betreuungen / Unterhaltsleistungen","expense",2015,4556595,0,4556595
421,31,"Soziale Hilfen",3108,"Beteiligung im Bereich Soz. Leistung","expense",2009,5892845,0,5892845
422,31,"Soziale Hilfen",3108,"Beteiligung im Bereich Soz. Leistung","expense",2010,1265900,0,1265900
423,31,"Soziale Hilfen",3108,"Beteiligung im Bereich Soz. Leistung","expense",2011,1161749,0,1161749
424,31,"Soziale Hilfen",3108,"Beteiligung im Bereich Soz. Leistung","expense",2012,4184000,0,4184000
425,31,"Soziale Hilfen",3108,"Beteiligung im Bereich Soz. Leistung","expense",2013,3842440,0,3842440
426,31,"Soziale Hilfen",3108,"Beteiligung im Bereich Soz. Leistung","expense",2014,2805639,0,2805639
427,31,"Soziale Hilfen",3108,"Beteiligung im Bereich Soz. Leistung","expense",2015,1482000,0,1482000
428,31,"Soziale Hilfen",3109,"Soziale Leistungen überörtlicher Träger","expense",2009,0,0,0
429,31,"Soziale Hilfen",3109,"Soziale Leistungen überörtlicher Träger","expense",2010,0,0,0
430,31,"Soziale Hilfen",3109,"Soziale Leistungen überörtlicher Träger","expense",2011,246547,0,246547
431,31,"Soziale Hilfen",3109,"Soziale Leistungen überörtlicher Träger","expense",2012,344062,0,344062
432,31,"Soziale Hilfen",3109,"Soziale Leistungen überörtlicher Träger","expense",2013,361300,0,361300
433,31,"Soziale Hilfen",3109,"Soziale Leistungen überörtlicher Träger","expense",2014,361217,0,361217
434,31,"Soziale Hilfen",3109,"Soziale Leistungen überörtlicher Träger","expense",2015,362157,0,362157
435,36,"Kinder-, Jugend- und Familienhilfe",3601,"Kindertagesbetreuung","expense",2009,31656336,0,31656336
436,36,"Kinder-, Jugend- und Familienhilfe",3601,"Kindertagesbetreuung","expense",2010,33116754,0,33116754
437,36,"Kinder-, Jugend- und Familienhilfe",3601,"Kindertagesbetreuung","expense",2011,32966006,0,32966006
438,36,"Kinder-, Jugend- und Familienhilfe",3601,"Kindertagesbetreuung","expense",2012,35555214,0,35555214
439,36,"Kinder-, Jugend- und Familienhilfe",3601,"Kindertagesbetreuung","expense",2013,37566790,0,37566790
440,36,"Kinder-, Jugend- und Familienhilfe",3601,"Kindertagesbetreuung","expense",2014,38276466,0,38276466
441,36,"Kinder-, Jugend- und Familienhilfe",3601,"Kindertagesbetreuung","expense",2015,39091587,0,39091587
442,36,"Kinder-, Jugend- und Familienhilfe",3602,"Kinder- und Jugendarbeit","expense",2009,7657191,0,7657191
443,36,"Kinder-, Jugend- und Familienhilfe",3602,"Kinder- und Jugendarbeit","expense",2010,7390179,0,7390179
444,36,"Kinder-, Jugend- und Familienhilfe",3602,"Kinder- und Jugendarbeit","expense",2011,7302879,0,7302879
445,36,"Kinder-, Jugend- und Familienhilfe",3602,"Kinder- und Jugendarbeit","expense",2012,7668713,0,7668713
446,36,"Kinder-, Jugend- und Familienhilfe",3602,"Kinder- und Jugendarbeit","expense",2013,7749801,0,7749801
447,36,"Kinder-, Jugend- und Familienhilfe",3602,"Kinder- und Jugendarbeit","expense",2014,7784467,0,7784467
448,36,"Kinder-, Jugend- und Familienhilfe",3602,"Kinder- und Jugendarbeit","expense",2015,7816151,0,7816151
449,36,"Kinder-, Jugend- und Familienhilfe",3603,"Hilfen zur Erziehung","expense",2009,46690807,0,46690807
450,36,"Kinder-, Jugend- und Familienhilfe",3603,"Hilfen zur Erziehung","expense",2010,39331444,0,39331444
451,36,"Kinder-, Jugend- und Familienhilfe",3603,"Hilfen zur Erziehung","expense",2011,39705466,0,39705466
452,36,"Kinder-, Jugend- und Familienhilfe",3603,"Hilfen zur Erziehung","expense",2012,43315848,0,43315848
453,36,"Kinder-, Jugend- und Familienhilfe",3603,"Hilfen zur Erziehung","expense",2013,44089272,0,44089272
454,36,"Kinder-, Jugend- und Familienhilfe",3603,"Hilfen zur Erziehung","expense",2014,44708808,0,44708808
455,36,"Kinder-, Jugend- und Familienhilfe",3603,"Hilfen zur Erziehung","expense",2015,45351103,0,45351103
456,36,"Kinder-, Jugend- und Familienhilfe",3604,"Institutionelle Bildung und Beratung","expense",2009,3497834,0,3497834
457,36,"Kinder-, Jugend- und Familienhilfe",3604,"Institutionelle Bildung und Beratung","expense",2010,3302040,0,3302040
458,36,"Kinder-, Jugend- und Familienhilfe",3604,"Institutionelle Bildung und Beratung","expense",2011,3271618,0,3271618
459,36,"Kinder-, Jugend- und Familienhilfe",3604,"Institutionelle Bildung und Beratung","expense",2012,3570749,0,3570749
460,36,"Kinder-, Jugend- und Familienhilfe",3604,"Institutionelle Bildung und Beratung","expense",2013,3634584,0,3634584
461,36,"Kinder-, Jugend- und Familienhilfe",3604,"Institutionelle Bildung und Beratung","expense",2014,3667234,0,3667234
462,36,"Kinder-, Jugend- und Familienhilfe",3604,"Institutionelle Bildung und Beratung","expense",2015,3684957,0,3684957
463,36,"Kinder-, Jugend- und Familienhilfe",3605,"Vormundschaftswesen","expense",2009,4694380,0,4694380
464,36,"Kinder-, Jugend- und Familienhilfe",3605,"Vormundschaftswesen","expense",2010,1428223,0,1428223
465,36,"Kinder-, Jugend- und Familienhilfe",3605,"Vormundschaftswesen","expense",2011,1503073,0,1503073
466,36,"Kinder-, Jugend- und Familienhilfe",3605,"Vormundschaftswesen","expense",2012,1531209,0,1531209
467,36,"Kinder-, Jugend- und Familienhilfe",3605,"Vormundschaftswesen","expense",2013,1646256,0,1646256
468,36,"Kinder-, Jugend- und Familienhilfe",3605,"Vormundschaftswesen","expense",2014,1650147,0,1650147
469,36,"Kinder-, Jugend- und Familienhilfe",3605,"Vormundschaftswesen","expense",2015,1659975,0,1659975
470,41,"Gesundheitsdienste",4101,"Gesundheitswesen","expense",2009,7760196,0,7760196
471,41,"Gesundheitsdienste",4101,"Gesundheitswesen","expense",2010,7591239,0,7591239
472,41,"Gesundheitsdienste",4101,"Gesundheitswesen","expense",2011,7851847,0,7851847
473,41,"Gesundheitsdienste",4101,"Gesundheitswesen","expense",2012,7917434,0,7917434
474,41,"Gesundheitsdienste",4101,"Gesundheitswesen","expense",2013,8053124,0,8053124
475,41,"Gesundheitsdienste",4101,"Gesundheitswesen","expense",2014,8009596,0,8009596
476,41,"Gesundheitsdienste",4101,"Gesundheitswesen","expense",2015,8004800,0,8004800
477,41,"Gesundheitsdienste",4102,"Medizinische Mikrobiologie","earning",2009,-475487,475487,0
478,41,"Gesundheitsdienste",4102,"Medizinische Mikrobiologie","expense",2010,175597,0,175597
479,41,"Gesundheitsdienste",4102,"Medizinische Mikrobiologie","expense",2011,161825,0,161825
480,41,"Gesundheitsdienste",4102,"Medizinische Mikrobiologie","expense",2012,64552,0,64552
481,41,"Gesundheitsdienste",4102,"Medizinische Mikrobiologie","expense",2013,0,0,0
482,41,"Gesundheitsdienste",4102,"Medizinische Mikrobiologie","expense",2014,0,0,0
483,41,"Gesundheitsdienste",4102,"Medizinische Mikrobiologie","expense",2015,0,0,0
484,42,"Sportförderung",4201,"Sporteinrichtungen, Bereitst. u. Betrieb","expense",2009,10358424,0,10358424
485,42,"Sportförderung",4201,"Sporteinrichtungen, Bereitst. u. Betrieb","expense",2010,8302304,0,8302304
486,42,"Sportförderung",4201,"Sporteinrichtungen, Bereitst. u. Betrieb","expense",2011,8664936,0,8664936
487,42,"Sportförderung",4201,"Sporteinrichtungen, Bereitst. u. Betrieb","expense",2012,8026619,0,8026619
488,42,"Sportförderung",4201,"Sporteinrichtungen, Bereitst. u. Betrieb","expense",2013,7756381,0,7756381
489,42,"Sportförderung",4201,"Sporteinrichtungen, Bereitst. u. Betrieb","expense",2014,7674770,0,7674770
490,42,"Sportförderung",4201,"Sporteinrichtungen, Bereitst. u. Betrieb","expense",2015,7638760,0,7638760
491,42,"Sportförderung",4202,"Bäder, Bereitst. u. Betrieb","expense",2009,8564597,0,8564597
492,42,"Sportförderung",4202,"Bäder, Bereitst. u. Betrieb","expense",2010,7405596,0,7405596
493,42,"Sportförderung",4202,"Bäder, Bereitst. u. Betrieb","expense",2011,6907265,0,6907265
494,42,"Sportförderung",4202,"Bäder, Bereitst. u. Betrieb","expense",2012,6644808,0,6644808
495,42,"Sportförderung",4202,"Bäder, Bereitst. u. Betrieb","expense",2013,6107870,0,6107870
496,42,"Sportförderung",4202,"Bäder, Bereitst. u. Betrieb","expense",2014,6129481,0,6129481
497,42,"Sportförderung",4202,"Bäder, Bereitst. u. Betrieb","expense",2015,6165329,0,6165329
498,42,"Sportförderung",4203,"Olympiastützpunkt, Bereitst. u. Betrieb","expense",2009,993358,0,993358
499,42,"Sportförderung",4203,"Olympiastützpunkt, Bereitst. u. Betrieb","expense",2010,731802,0,731802
500,42,"Sportförderung",4203,"Olympiastützpunkt, Bereitst. u. Betrieb","expense",2011,715838,0,715838
501,42,"Sportförderung",4203,"Olympiastützpunkt, Bereitst. u. Betrieb","expense",2012,860650,0,860650
502,42,"Sportförderung",4203,"Olympiastützpunkt, Bereitst. u. Betrieb","expense",2013,856736,0,856736
503,42,"Sportförderung",4203,"Olympiastützpunkt, Bereitst. u. Betrieb","expense",2014,855587,0,855587
504,42,"Sportförderung",4203,"Olympiastützpunkt, Bereitst. u. Betrieb","expense",2015,857111,0,857111
505,42,"Sportförderung",4204,"Förderung des Sports","expense",2009,867388,0,867388
506,42,"Sportförderung",4204,"Förderung des Sports","expense",2010,684125,0,684125
507,42,"Sportförderung",4204,"Förderung des Sports","expense",2011,730594,0,730594
508,42,"Sportförderung",4204,"Förderung des Sports","expense",2012,720658,0,720658
509,42,"Sportförderung",4204,"Förderung des Sports","expense",2013,716296,0,716296
510,42,"Sportförderung",4204,"Förderung des Sports","expense",2014,717537,0,717537
511,42,"Sportförderung",4204,"Förderung des Sports","expense",2015,720092,0,720092
512,42,"Sportförderung",4205,"Beteiligung im Bereich Sportstätten","expense",2009,81541,0,81541
513,42,"Sportförderung",4205,"Beteiligung im Bereich Sportstätten","expense",2010,81541,0,81541
514,42,"Sportförderung",4205,"Beteiligung im Bereich Sportstätten","expense",2011,81541,0,81541
515,42,"Sportförderung",4205,"Beteiligung im Bereich Sportstätten","expense",2012,81541,0,81541
516,42,"Sportförderung",4205,"Beteiligung im Bereich Sportstätten","expense",2013,81541,0,81541
517,42,"Sportförderung",4205,"Beteiligung im Bereich Sportstätten","expense",2014,81541,0,81541
518,42,"Sportförderung",4205,"Beteiligung im Bereich Sportstätten","expense",2015,81541,0,81541
519,42,"Sportförderung",4206,"Unterhaltung Sportstätten","expense",2009,0,0,0
520,42,"Sportförderung",4206,"Unterhaltung Sportstätten","expense",2010,1503391,0,1503391
521,42,"Sportförderung",4206,"Unterhaltung Sportstätten","expense",2011,1436529,0,1436529
522,42,"Sportförderung",4206,"Unterhaltung Sportstätten","expense",2012,1094889,0,1094889
523,42,"Sportförderung",4206,"Unterhaltung Sportstätten","expense",2013,1084423,0,1084423
524,42,"Sportförderung",4206,"Unterhaltung Sportstätten","expense",2014,1099986,0,1099986
525,42,"Sportförderung",4206,"Unterhaltung Sportstätten","expense",2015,1121011,0,1121011
526,51,"Räumliche Planung und Entwicklung, Geoinformation",5101,"Planung u. Entwicklung","expense",2009,1573495,0,1573495
527,51,"Räumliche Planung und Entwicklung, Geoinformation",5101,"Planung u. Entwicklung","expense",2010,1850040,0,1850040
528,51,"Räumliche Planung und Entwicklung, Geoinformation",5101,"Planung u. Entwicklung","expense",2011,1826042,0,1826042
529,51,"Räumliche Planung und Entwicklung, Geoinformation",5101,"Planung u. Entwicklung","expense",2012,0,0,0
530,51,"Räumliche Planung und Entwicklung, Geoinformation",5101,"Planung u. Entwicklung","expense",2013,2025,0,2025
531,51,"Räumliche Planung und Entwicklung, Geoinformation",5101,"Planung u. Entwicklung","expense",2014,2415,0,2415
532,51,"Räumliche Planung und Entwicklung, Geoinformation",5101,"Planung u. Entwicklung","expense",2015,2815,0,2815
533,51,"Räumliche Planung und Entwicklung, Geoinformation",5102,"Bauleit- und Entwicklungsplanung","expense",2009,5669827,0,5669827
534,51,"Räumliche Planung und Entwicklung, Geoinformation",5102,"Bauleit- und Entwicklungsplanung","expense",2010,5001849,0,5001849
535,51,"Räumliche Planung und Entwicklung, Geoinformation",5102,"Bauleit- und Entwicklungsplanung","expense",2011,4814696,0,4814696
536,51,"Räumliche Planung und Entwicklung, Geoinformation",5102,"Bauleit- und Entwicklungsplanung","expense",2012,6880158,0,6880158
537,51,"Räumliche Planung und Entwicklung, Geoinformation",5102,"Bauleit- und Entwicklungsplanung","expense",2013,5405725,0,5405725
538,51,"Räumliche Planung und Entwicklung, Geoinformation",5102,"Bauleit- und Entwicklungsplanung","expense",2014,3961136,0,3961136
539,51,"Räumliche Planung und Entwicklung, Geoinformation",5102,"Bauleit- und Entwicklungsplanung","expense",2015,3484440,0,3484440
540,51,"Räumliche Planung und Entwicklung, Geoinformation",5103,"Geoinformation und Kataster","expense",2009,12104195,0,12104195
541,51,"Räumliche Planung und Entwicklung, Geoinformation",5103,"Geoinformation und Kataster","expense",2010,9990419,0,9990419
542,51,"Räumliche Planung und Entwicklung, Geoinformation",5103,"Geoinformation und Kataster","expense",2011,9750060,0,9750060
543,51,"Räumliche Planung und Entwicklung, Geoinformation",5103,"Geoinformation und Kataster","expense",2012,10246858,0,10246858
544,51,"Räumliche Planung und Entwicklung, Geoinformation",5103,"Geoinformation und Kataster","expense",2013,10438905,0,10438905
545,51,"Räumliche Planung und Entwicklung, Geoinformation",5103,"Geoinformation und Kataster","expense",2014,10339505,0,10339505
546,51,"Räumliche Planung und Entwicklung, Geoinformation",5103,"Geoinformation und Kataster","expense",2015,9671318,0,9671318
547,52,"Bauen und Wohnen",5201,"Bauverwaltung und Wohnen","expense",2009,3711109,0,3711109
548,52,"Bauen und Wohnen",5201,"Bauverwaltung und Wohnen","expense",2010,4107396,0,4107396
549,52,"Bauen und Wohnen",5201,"Bauverwaltung und Wohnen","expense",2011,3625646,0,3625646
550,52,"Bauen und Wohnen",5201,"Bauverwaltung und Wohnen","expense",2012,1396170,0,1396170
551,52,"Bauen und Wohnen",5201,"Bauverwaltung und Wohnen","expense",2013,1467858,0,1467858
552,52,"Bauen und Wohnen",5201,"Bauverwaltung und Wohnen","expense",2014,1416860,0,1416860
553,52,"Bauen und Wohnen",5201,"Bauverwaltung und Wohnen","expense",2015,1374122,0,1374122
554,52,"Bauen und Wohnen",5202,"Bauordnung und Denkmalschutz","expense",2009,3726464,0,3726464
555,52,"Bauen und Wohnen",5202,"Bauordnung und Denkmalschutz","expense",2010,3906548,0,3906548
556,52,"Bauen und Wohnen",5202,"Bauordnung und Denkmalschutz","expense",2011,3947436,0,3947436
557,52,"Bauen und Wohnen",5202,"Bauordnung und Denkmalschutz","expense",2012,4009040,0,4009040
558,52,"Bauen und Wohnen",5202,"Bauordnung und Denkmalschutz","expense",2013,4162368,0,4162368
559,52,"Bauen und Wohnen",5202,"Bauordnung und Denkmalschutz","expense",2014,4042845,0,4042845
560,52,"Bauen und Wohnen",5202,"Bauordnung und Denkmalschutz","expense",2015,3869879,0,3869879
561,53,"Ver- und Entsorgung",5301,"Abfallwirtschaft","expense",2009,248439,0,248439
562,53,"Ver- und Entsorgung",5301,"Abfallwirtschaft","expense",2010,263665,0,263665
563,53,"Ver- und Entsorgung",5301,"Abfallwirtschaft","expense",2011,270797,0,270797
564,53,"Ver- und Entsorgung",5301,"Abfallwirtschaft","expense",2012,280758,0,280758
565,53,"Ver- und Entsorgung",5301,"Abfallwirtschaft","expense",2013,326803,0,326803
566,53,"Ver- und Entsorgung",5301,"Abfallwirtschaft","expense",2014,324106,0,324106
567,53,"Ver- und Entsorgung",5301,"Abfallwirtschaft","expense",2015,327010,0,327010
568,53,"Ver- und Entsorgung",5302,"Abfallüberwachung u. -vermeidung","expense",2009,265785,0,265785
569,53,"Ver- und Entsorgung",5302,"Abfallüberwachung u. -vermeidung","expense",2010,243652,0,243652
570,53,"Ver- und Entsorgung",5302,"Abfallüberwachung u. -vermeidung","expense",2011,251381,0,251381
571,53,"Ver- und Entsorgung",5302,"Abfallüberwachung u. -vermeidung","expense",2012,228150,0,228150
572,53,"Ver- und Entsorgung",5302,"Abfallüberwachung u. -vermeidung","expense",2013,266003,0,266003
573,53,"Ver- und Entsorgung",5302,"Abfallüberwachung u. -vermeidung","expense",2014,260939,0,260939
574,53,"Ver- und Entsorgung",5302,"Abfallüberwachung u. -vermeidung","expense",2015,263230,0,263230
575,53,"Ver- und Entsorgung",5303,"Öffentliche Gewässer","expense",2009,510860,0,510860
576,53,"Ver- und Entsorgung",5303,"Öffentliche Gewässer","expense",2010,441556,0,441556
577,53,"Ver- und Entsorgung",5303,"Öffentliche Gewässer","expense",2011,471675,0,471675
578,53,"Ver- und Entsorgung",5303,"Öffentliche Gewässer","expense",2012,597274,0,597274
579,53,"Ver- und Entsorgung",5303,"Öffentliche Gewässer","expense",2013,638743,0,638743
580,53,"Ver- und Entsorgung",5303,"Öffentliche Gewässer","expense",2014,618908,0,618908
581,53,"Ver- und Entsorgung",5303,"Öffentliche Gewässer","expense",2015,610467,0,610467
582,53,"Ver- und Entsorgung",5304,"Abwasserbeseitigung","earning",2009,-25663999,25663999,0
583,53,"Ver- und Entsorgung",5304,"Abwasserbeseitigung","earning",2010,-32007377,32007377,0
584,53,"Ver- und Entsorgung",5304,"Abwasserbeseitigung","earning",2011,-30931000,30931000,0
585,53,"Ver- und Entsorgung",5304,"Abwasserbeseitigung","earning",2012,-20770360,20770360,0
586,53,"Ver- und Entsorgung",5304,"Abwasserbeseitigung","earning",2013,-20129483,20129483,0
587,53,"Ver- und Entsorgung",5304,"Abwasserbeseitigung","earning",2014,-19989178,19989178,0
588,53,"Ver- und Entsorgung",5304,"Abwasserbeseitigung","earning",2015,-19834778,19834778,0
589,53,"Ver- und Entsorgung",5305,"Beteiligung ewmr/Holding","expense",2009,0,0,0
590,53,"Ver- und Entsorgung",5305,"Beteiligung ewmr/Holding","earning",2010,-2378900,2378900,0
591,53,"Ver- und Entsorgung",5305,"Beteiligung ewmr/Holding","earning",2011,-2400000,2400000,0
592,53,"Ver- und Entsorgung",5305,"Beteiligung ewmr/Holding","earning",2012,-2400000,2400000,0
593,53,"Ver- und Entsorgung",5305,"Beteiligung ewmr/Holding","earning",2013,-2600000,2600000,0
594,53,"Ver- und Entsorgung",5305,"Beteiligung ewmr/Holding","earning",2014,-2600000,2600000,0
595,53,"Ver- und Entsorgung",5305,"Beteiligung ewmr/Holding","earning",2015,-2600000,2600000,0
596,53,"Ver- und Entsorgung",5306,"Beteiligung Stadtwerke","earning",2009,-23219718,23219718,0
597,53,"Ver- und Entsorgung",5306,"Beteiligung Stadtwerke","earning",2010,-24000100,24000100,0
598,53,"Ver- und Entsorgung",5306,"Beteiligung Stadtwerke","earning",2011,-24000100,24000100,0
599,53,"Ver- und Entsorgung",5306,"Beteiligung Stadtwerke","earning",2012,-24000000,24000000,0
600,53,"Ver- und Entsorgung",5306,"Beteiligung Stadtwerke","earning",2013,-24000000,24000000,0
601,53,"Ver- und Entsorgung",5306,"Beteiligung Stadtwerke","earning",2014,-24000000,24000000,0
602,53,"Ver- und Entsorgung",5306,"Beteiligung Stadtwerke","earning",2015,-24000000,24000000,0
603,54,"Verkehrsflächen und -anlagen, ÖPNV",5401,"Verkehrsflächen, Signalanl. u Beleuchtun","expense",2009,32556502,0,32556502
604,54,"Verkehrsflächen und -anlagen, ÖPNV",5401,"Verkehrsflächen, Signalanl. u Beleuchtun","expense",2010,24443578,0,24443578
605,54,"Verkehrsflächen und -anlagen, ÖPNV",5401,"Verkehrsflächen, Signalanl. u Beleuchtun","expense",2011,25995656,0,25995656
606,54,"Verkehrsflächen und -anlagen, ÖPNV",5401,"Verkehrsflächen, Signalanl. u Beleuchtun","expense",2012,39059241,0,39059241
607,54,"Verkehrsflächen und -anlagen, ÖPNV",5401,"Verkehrsflächen, Signalanl. u Beleuchtun","expense",2013,39141867,0,39141867
608,54,"Verkehrsflächen und -anlagen, ÖPNV",5401,"Verkehrsflächen, Signalanl. u Beleuchtun","expense",2014,39295444,0,39295444
609,54,"Verkehrsflächen und -anlagen, ÖPNV",5401,"Verkehrsflächen, Signalanl. u Beleuchtun","expense",2015,38486037,0,38486037
610,54,"Verkehrsflächen und -anlagen, ÖPNV",5402,"Stadtbahn und ÖPNV","expense",2009,2717349,0,2717349
611,54,"Verkehrsflächen und -anlagen, ÖPNV",5402,"Stadtbahn und ÖPNV","expense",2010,2131188,0,2131188
612,54,"Verkehrsflächen und -anlagen, ÖPNV",5402,"Stadtbahn und ÖPNV","expense",2011,2230019,0,2230019
613,54,"Verkehrsflächen und -anlagen, ÖPNV",5402,"Stadtbahn und ÖPNV","expense",2012,2831656,0,2831656
614,54,"Verkehrsflächen und -anlagen, ÖPNV",5402,"Stadtbahn und ÖPNV","expense",2013,2941014,0,2941014
615,54,"Verkehrsflächen und -anlagen, ÖPNV",5402,"Stadtbahn und ÖPNV","expense",2014,2865695,0,2865695
616,54,"Verkehrsflächen und -anlagen, ÖPNV",5402,"Stadtbahn und ÖPNV","expense",2015,2756922,0,2756922
617,54,"Verkehrsflächen und -anlagen, ÖPNV",5403,"Nahverkehrsangelegenheiten ÖPNV","expense",2009,340971,0,340971
618,54,"Verkehrsflächen und -anlagen, ÖPNV",5403,"Nahverkehrsangelegenheiten ÖPNV","expense",2010,116366,0,116366
619,54,"Verkehrsflächen und -anlagen, ÖPNV",5403,"Nahverkehrsangelegenheiten ÖPNV","expense",2011,122673,0,122673
620,54,"Verkehrsflächen und -anlagen, ÖPNV",5403,"Nahverkehrsangelegenheiten ÖPNV","expense",2012,3274,0,3274
621,54,"Verkehrsflächen und -anlagen, ÖPNV",5403,"Nahverkehrsangelegenheiten ÖPNV","expense",2013,3382,0,3382
622,54,"Verkehrsflächen und -anlagen, ÖPNV",5403,"Nahverkehrsangelegenheiten ÖPNV","expense",2014,3258,0,3258
623,54,"Verkehrsflächen und -anlagen, ÖPNV",5403,"Nahverkehrsangelegenheiten ÖPNV","expense",2015,3200,0,3200
624,54,"Verkehrsflächen und -anlagen, ÖPNV",5404,"Straßenreinigung, Winterdienst i Satzung","expense",2009,65940,0,65940
625,54,"Verkehrsflächen und -anlagen, ÖPNV",5404,"Straßenreinigung, Winterdienst i Satzung","expense",2010,60923,0,60923
626,54,"Verkehrsflächen und -anlagen, ÖPNV",5404,"Straßenreinigung, Winterdienst i Satzung","expense",2011,62532,0,62532
627,54,"Verkehrsflächen und -anlagen, ÖPNV",5404,"Straßenreinigung, Winterdienst i Satzung","expense",2012,64175,0,64175
628,54,"Verkehrsflächen und -anlagen, ÖPNV",5404,"Straßenreinigung, Winterdienst i Satzung","expense",2013,74509,0,74509
629,54,"Verkehrsflächen und -anlagen, ÖPNV",5404,"Straßenreinigung, Winterdienst i Satzung","expense",2014,73616,0,73616
630,54,"Verkehrsflächen und -anlagen, ÖPNV",5404,"Straßenreinigung, Winterdienst i Satzung","expense",2015,74250,0,74250
631,54,"Verkehrsflächen und -anlagen, ÖPNV",5405,"Straßenreinigung, Winterdienst a Satzung","expense",2009,961594,0,961594
632,54,"Verkehrsflächen und -anlagen, ÖPNV",5405,"Straßenreinigung, Winterdienst a Satzung","expense",2010,911375,0,911375
633,54,"Verkehrsflächen und -anlagen, ÖPNV",5405,"Straßenreinigung, Winterdienst a Satzung","expense",2011,721604,0,721604
634,54,"Verkehrsflächen und -anlagen, ÖPNV",5405,"Straßenreinigung, Winterdienst a Satzung","expense",2012,1084668,0,1084668
635,54,"Verkehrsflächen und -anlagen, ÖPNV",5405,"Straßenreinigung, Winterdienst a Satzung","expense",2013,1112534,0,1112534
636,54,"Verkehrsflächen und -anlagen, ÖPNV",5405,"Straßenreinigung, Winterdienst a Satzung","expense",2014,1102696,0,1102696
637,54,"Verkehrsflächen und -anlagen, ÖPNV",5405,"Straßenreinigung, Winterdienst a Satzung","expense",2015,1096750,0,1096750
638,54,"Verkehrsflächen und -anlagen, ÖPNV",5406,"Beteiligung im Bereich ÖPNV","earning",2009,-13310282,13310282,0
639,54,"Verkehrsflächen und -anlagen, ÖPNV",5406,"Beteiligung im Bereich ÖPNV","expense",2010,180800,0,180800
640,54,"Verkehrsflächen und -anlagen, ÖPNV",5406,"Beteiligung im Bereich ÖPNV","earning",2011,-1819300,1819300,0
641,54,"Verkehrsflächen und -anlagen, ÖPNV",5406,"Beteiligung im Bereich ÖPNV","earning",2012,-4481400,4481400,0
642,54,"Verkehrsflächen und -anlagen, ÖPNV",5406,"Beteiligung im Bereich ÖPNV","earning",2013,-14481400,14481400,0
643,54,"Verkehrsflächen und -anlagen, ÖPNV",5406,"Beteiligung im Bereich ÖPNV","earning",2014,-16481400,16481400,0
644,54,"Verkehrsflächen und -anlagen, ÖPNV",5406,"Beteiligung im Bereich ÖPNV","earning",2015,-19481400,19481400,0
645,55,"Natur- und Landschaftspflege",5501,"Öffentliches Grün","expense",2009,8644178,0,8644178
646,55,"Natur- und Landschaftspflege",5501,"Öffentliches Grün","expense",2010,7827308,0,7827308
647,55,"Natur- und Landschaftspflege",5501,"Öffentliches Grün","expense",2011,8424882,0,8424882
648,55,"Natur- und Landschaftspflege",5501,"Öffentliches Grün","expense",2012,8812365,0,8812365
649,55,"Natur- und Landschaftspflege",5501,"Öffentliches Grün","expense",2013,8267024,0,8267024
650,55,"Natur- und Landschaftspflege",5501,"Öffentliches Grün","expense",2014,7822692,0,7822692
651,55,"Natur- und Landschaftspflege",5501,"Öffentliches Grün","expense",2015,7453664,0,7453664
652,55,"Natur- und Landschaftspflege",5502,"Friedhofs- und Bestattungswesen","earning",2009,-4959200,4959200,0
653,55,"Natur- und Landschaftspflege",5502,"Friedhofs- und Bestattungswesen","earning",2010,-7769956,7769956,0
654,55,"Natur- und Landschaftspflege",5502,"Friedhofs- und Bestattungswesen","earning",2011,-8136014,8136014,0
655,55,"Natur- und Landschaftspflege",5502,"Friedhofs- und Bestattungswesen","earning",2012,-8399655,8399655,0
656,55,"Natur- und Landschaftspflege",5502,"Friedhofs- und Bestattungswesen","earning",2013,-8385702,8385702,0
657,55,"Natur- und Landschaftspflege",5502,"Friedhofs- und Bestattungswesen","earning",2014,-8430604,8430604,0
658,55,"Natur- und Landschaftspflege",5502,"Friedhofs- und Bestattungswesen","earning",2015,-8426715,8426715,0
659,55,"Natur- und Landschaftspflege",5503,"Krematorium","earning",2009,-778032,778032,0
660,55,"Natur- und Landschaftspflege",5503,"Krematorium","earning",2010,-705015,705015,0
661,55,"Natur- und Landschaftspflege",5503,"Krematorium","earning",2011,-727742,727742,0
662,55,"Natur- und Landschaftspflege",5503,"Krematorium","earning",2012,-746495,746495,0
663,55,"Natur- und Landschaftspflege",5503,"Krematorium","earning",2013,-746051,746051,0
664,55,"Natur- und Landschaftspflege",5503,"Krematorium","earning",2014,-772996,772996,0
665,55,"Natur- und Landschaftspflege",5503,"Krematorium","earning",2015,-784756,784756,0
666,55,"Natur- und Landschaftspflege",5504,"Natur und Landschaft","expense",2009,1139422,0,1139422
667,55,"Natur- und Landschaftspflege",5504,"Natur und Landschaft","expense",2010,1406947,0,1406947
668,55,"Natur- und Landschaftspflege",5504,"Natur und Landschaft","expense",2011,1378308,0,1378308
669,55,"Natur- und Landschaftspflege",5504,"Natur und Landschaft","expense",2012,1356999,0,1356999
670,55,"Natur- und Landschaftspflege",5504,"Natur und Landschaft","expense",2013,1349478,0,1349478
671,55,"Natur- und Landschaftspflege",5504,"Natur und Landschaft","expense",2014,1279428,0,1279428
672,55,"Natur- und Landschaftspflege",5504,"Natur und Landschaft","expense",2015,1284606,0,1284606
673,55,"Natur- und Landschaftspflege",5505,"Land- u Forstwirtschaft","expense",2009,717095,0,717095
674,55,"Natur- und Landschaftspflege",5505,"Land- u Forstwirtschaft","expense",2010,651523,0,651523
675,55,"Natur- und Landschaftspflege",5505,"Land- u Forstwirtschaft","expense",2011,575666,0,575666
676,55,"Natur- und Landschaftspflege",5505,"Land- u Forstwirtschaft","expense",2012,152525,0,152525
677,55,"Natur- und Landschaftspflege",5505,"Land- u Forstwirtschaft","expense",2013,138724,0,138724
678,55,"Natur- und Landschaftspflege",5505,"Land- u Forstwirtschaft","expense",2014,131760,0,131760
679,55,"Natur- und Landschaftspflege",5505,"Land- u Forstwirtschaft","expense",2015,131992,0,131992
680,56,"Umweltschutz",5601,"Umwelt","expense",2009,2475413,0,2475413
681,56,"Umweltschutz",5601,"Umwelt","expense",2010,2387612,0,2387612
682,56,"Umweltschutz",5601,"Umwelt","expense",2011,2359664,0,2359664
683,56,"Umweltschutz",5601,"Umwelt","expense",2012,2360886,0,2360886
684,56,"Umweltschutz",5601,"Umwelt","expense",2013,2434156,0,2434156
685,56,"Umweltschutz",5601,"Umwelt","expense",2014,2346207,0,2346207
686,56,"Umweltschutz",5601,"Umwelt","expense",2015,2368820,0,2368820
687,57,"Wirtschaft und Tourismus",5701,"Wochenmärkte","expense",2009,99462,0,99462
688,57,"Wirtschaft und Tourismus",5701,"Wochenmärkte","expense",2010,102359,0,102359
689,57,"Wirtschaft und Tourismus",5701,"Wochenmärkte","expense",2011,74878,0,74878
690,57,"Wirtschaft und Tourismus",5701,"Wochenmärkte","expense",2012,38197,0,38197
691,57,"Wirtschaft und Tourismus",5701,"Wochenmärkte","expense",2013,40399,0,40399
692,57,"Wirtschaft und Tourismus",5701,"Wochenmärkte","expense",2014,40205,0,40205
693,57,"Wirtschaft und Tourismus",5701,"Wochenmärkte","expense",2015,40227,0,40227
694,57,"Wirtschaft und Tourismus",5702,"Wirtschaftsförderung","expense",2009,17534970,0,17534970
695,57,"Wirtschaft und Tourismus",5702,"Wirtschaftsförderung","expense",2010,7048791,0,7048791
696,57,"Wirtschaft und Tourismus",5702,"Wirtschaftsförderung","expense",2011,6141447,0,6141447
697,57,"Wirtschaft und Tourismus",5702,"Wirtschaftsförderung","expense",2012,4736017,0,4736017
698,57,"Wirtschaft und Tourismus",5702,"Wirtschaftsförderung","expense",2013,4526749,0,4526749
699,57,"Wirtschaft und Tourismus",5702,"Wirtschaftsförderung","expense",2014,4220705,0,4220705
700,57,"Wirtschaft und Tourismus",5702,"Wirtschaftsförderung","expense",2015,4107673,0,4107673
701,57,"Wirtschaft und Tourismus",5703,"Beteiligung Entwicklungsgesellschaft","expense",2009,689559,0,689559
702,57,"Wirtschaft und Tourismus",5703,"Beteiligung Entwicklungsgesellschaft","expense",2010,6839400,0,6839400
703,57,"Wirtschaft und Tourismus",5703,"Beteiligung Entwicklungsgesellschaft","expense",2011,6689400,0,6689400
704,57,"Wirtschaft und Tourismus",5703,"Beteiligung Entwicklungsgesellschaft","expense",2012,4499400,0,4499400
705,57,"Wirtschaft und Tourismus",5703,"Beteiligung Entwicklungsgesellschaft","expense",2013,4499400,0,4499400
706,57,"Wirtschaft und Tourismus",5703,"Beteiligung Entwicklungsgesellschaft","expense",2014,4499400,0,4499400
707,57,"Wirtschaft und Tourismus",5703,"Beteiligung Entwicklungsgesellschaft","expense",2015,4499400,0,4499400
708,57,"Wirtschaft und Tourismus",5704,"Beteiligung Veranstaltungsgesellschaft","expense",2009,400000,0,400000
709,57,"Wirtschaft und Tourismus",5704,"Beteiligung Veranstaltungsgesellschaft","expense",2010,0,0,0
710,57,"Wirtschaft und Tourismus",5704,"Beteiligung Veranstaltungsgesellschaft","expense",2011,0,0,0
711,57,"Wirtschaft und Tourismus",5704,"Beteiligung Veranstaltungsgesellschaft","expense",2012,400000,0,400000
712,57,"Wirtschaft und Tourismus",5704,"Beteiligung Veranstaltungsgesellschaft","expense",2013,100000,0,100000
713,57,"Wirtschaft und Tourismus",5704,"Beteiligung Veranstaltungsgesellschaft","expense",2014,0,0,0
714,57,"Wirtschaft und Tourismus",5704,"Beteiligung Veranstaltungsgesellschaft","expense",2015,0,0,0
715,57,"Wirtschaft und Tourismus",5705,"Beteiligung Sparkasse","earning",2009,-5471375,5471375,0
716,57,"Wirtschaft und Tourismus",5705,"Beteiligung Sparkasse","earning",2010,-9511775,9511775,0
717,57,"Wirtschaft und Tourismus",5705,"Beteiligung Sparkasse","earning",2011,-10400000,10400000,0
718,57,"Wirtschaft und Tourismus",5705,"Beteiligung Sparkasse","earning",2012,-10400000,10400000,0
719,57,"Wirtschaft und Tourismus",5705,"Beteiligung Sparkasse","earning",2013,-12100000,12100000,0
720,57,"Wirtschaft und Tourismus",5705,"Beteiligung Sparkasse","earning",2014,-13800000,13800000,0
721,57,"Wirtschaft und Tourismus",5705,"Beteiligung Sparkasse","earning",2015,-13800000,13800000,0
722,57,"Wirtschaft und Tourismus",5706,"Beteiligung Sonstige Unternehmen","earning",2009,-44475,44475,0
723,57,"Wirtschaft und Tourismus",5706,"Beteiligung Sonstige Unternehmen","earning",2010,-34083,34083,0
724,57,"Wirtschaft und Tourismus",5706,"Beteiligung Sonstige Unternehmen","earning",2011,-34083,34083,0
725,57,"Wirtschaft und Tourismus",5706,"Beteiligung Sonstige Unternehmen","earning",2012,-30088,30088,0
726,57,"Wirtschaft und Tourismus",5706,"Beteiligung Sonstige Unternehmen","earning",2013,-30088,30088,0
727,57,"Wirtschaft und Tourismus",5706,"Beteiligung Sonstige Unternehmen","earning",2014,-30088,30088,0
728,57,"Wirtschaft und Tourismus",5706,"Beteiligung Sonstige Unternehmen","earning",2015,-30088,30088,0
729,61,"Allgemeine Finanzwirtschaft",6101,"Allgemeine Finanzwirtschaft","earning",2009,-427230205,427230205,0
730,61,"Allgemeine Finanzwirtschaft",6101,"Allgemeine Finanzwirtschaft","earning",2010,-440053438,440053438,0
731,61,"Allgemeine Finanzwirtschaft",6101,"Allgemeine Finanzwirtschaft","earning",2011,-457260500,457260500,0
732,61,"Allgemeine Finanzwirtschaft",6101,"Allgemeine Finanzwirtschaft","earning",2012,-470056500,470056500,0
733,61,"Allgemeine Finanzwirtschaft",6101,"Allgemeine Finanzwirtschaft","earning",2013,-472489500,472489500,0
734,61,"Allgemeine Finanzwirtschaft",6101,"Allgemeine Finanzwirtschaft","earning",2014,-500422500,500422500,0
735,61,"Allgemeine Finanzwirtschaft",6101,"Allgemeine Finanzwirtschaft","earning",2015,-511685500,511685500,0
736,61,"Allgemeine Finanzwirtschaft",6102,"Sonstige Allgemeine Finanzwirtschaft","expense",2009,40598016,0,40598016
737,61,"Allgemeine Finanzwirtschaft",6102,"Sonstige Allgemeine Finanzwirtschaft","expense",2010,55457000,0,55457000
738,61,"Allgemeine Finanzwirtschaft",6102,"Sonstige Allgemeine Finanzwirtschaft","expense",2011,61578000,0,61578000
739,61,"Allgemeine Finanzwirtschaft",6102,"Sonstige Allgemeine Finanzwirtschaft","expense",2012,68891000,0,68891000
740,61,"Allgemeine Finanzwirtschaft",6102,"Sonstige Allgemeine Finanzwirtschaft","expense",2013,75814000,0,75814000
741,61,"Allgemeine Finanzwirtschaft",6102,"Sonstige Allgemeine Finanzwirtschaft","expense",2014,79537000,0,79537000
742,61,"Allgemeine Finanzwirtschaft",6102,"Sonstige Allgemeine Finanzwirtschaft","expense",2015,81062000,0,81062000
